prop.hr.new,prop.hr.new.sd,prop.hr.ret,prop.hr.ret.sd
0.105742130665644,0.0321433078962959,0.178334055517207,0.126678486405533
