prop.hr.new,prop.hr.new.sd,prop.hr.ret,prop.hr.ret.sd
0.105819076703725,0.0323271278070207,0.178329952594089,0.126911745236158
