prop.hr.new,prop.hr.new.sd,prop.hr.ret,prop.hr.ret.sd
0.10587058048951,0.0322445297153695,0.1787538712475,0.128058245551331
