prop.hr.new,prop.hr.new.sd,prop.hr.ret,prop.hr.ret.sd
0.105790545841685,0.0322350544626275,0.178637714567785,0.126681112453433
