prop.hr.new,prop.hr.new.sd,prop.hr.ret,prop.hr.ret.sd
0.108065774363071,0.0344596739348876,0.178082715155447,0.125823584570005
