prop.hr.new,prop.hr.new.sd,prop.hr.ret,prop.hr.ret.sd
0.106511243980526,0.0354202545314139,0.183036956420793,0.126628891185738
