g.whoregion,fracm
EMR,0.461676844681941
AFR,0.416068627166867
AMR,0.518981790703662
EUR,0.422682720841179
SEA,0.365061446663674
WPR,0.393135492727927
