g.whoregion,fracf
AFR,0.412081640194529
AMR,0.382665266229411
EMR,0.394454090908476
EUR,0.412810455291711
SEA,0.295911039524215
WPR,0.307455283694285
